Slide Number,Content
"PDF-2, Pg1","Part II
Relational Databases ‚Äì Data as Tables"
"PDF-2, Pg2","Relational Databases ‚Äì Data as Tables
Relational Databases ‚Äì Data as Tables
1Relations for Tabular Data
2SQL Data DeÔ¨Ånition
3Basic Operations: The Relational Algebra
4SQL as a Query Language
5Manipulation Operations in SQL
Saake Database Concepts Last Edited: April 20, 2022 2‚Äì1"
"PDF-2, Pg3","Relational Databases ‚Äì Data as Tables
Relational Databases ‚Äì Data as Tables
1Relations for Tabular Data
2SQL Data DeÔ¨Ånition
3Basic Operations: The Relational Algebra
4SQL as a Query Language
5Manipulation Operations in SQL
Saake Database Concepts Last Edited: April 20, 2022 2‚Äì1"
"PDF-2, Pg4","Relational Databases ‚Äì Data as Tables
Relational Databases ‚Äì Data as Tables
1Relations for Tabular Data
2SQL Data DeÔ¨Ånition
3Basic Operations: The Relational Algebra
4SQL as a Query Language
5Manipulation Operations in SQL
Saake Database Concepts Last Edited: April 20, 2022 2‚Äì1"
"PDF-2, Pg5","Relational Databases ‚Äì Data as Tables
Relational Databases ‚Äì Data as Tables
1Relations for Tabular Data
2SQL Data DeÔ¨Ånition
3Basic Operations: The Relational Algebra
4SQL as a Query Language
5Manipulation Operations in SQL
Saake Database Concepts Last Edited: April 20, 2022 2‚Äì1"
"PDF-2, Pg6","Relational Databases ‚Äì Data as Tables
Relational Databases ‚Äì Data as Tables
1Relations for Tabular Data
2SQL Data DeÔ¨Ånition
3Basic Operations: The Relational Algebra
4SQL as a Query Language
5Manipulation Operations in SQL
Saake Database Concepts Last Edited: April 20, 2022 2‚Äì1"
"PDF-2, Pg7","Relational Databases ‚Äì Data as Tables
Educational Objective for Today . . .
Basic understanding of the structure of
relational databases
Knowledge of base operations of
relational query languages
Elementary ability to use SQL
Saake Database Concepts Last Edited: April 20, 2022 2‚Äì2"
"PDF-2, Pg8","Relational Databases ‚Äì Data as Tables
Educational Objective for Today . . .
Basic understanding of the structure of
relational databases
Knowledge of base operations of
relational query languages
Elementary ability to use SQL
Saake Database Concepts Last Edited: April 20, 2022 2‚Äì2"
"PDF-2, Pg9","Relational Databases ‚Äì Data as Tables
Educational Objective for Today . . .
Basic understanding of the structure of
relational databases
Knowledge of base operations of
relational query languages
Elementary ability to use SQL
Saake Database Concepts Last Edited: April 20, 2022 2‚Äì2"
"PDF-2, Pg10","Relational Databases ‚Äì Data as Tables Relations for Tabular Data
Relations for Tabular Data
Saake Database Concepts Last Edited: April 20, 2022 2‚Äì3"
"PDF-2, Pg11","Relational Databases ‚Äì Data as Tables Relations for Tabular Data
Relational Model
Conceptually, a database is a set of tables
WINES WineID Name Color Vintage Vineyard
1042 La Rose Grand Cru Red 1998 Ch√¢teau La Rose
2168 Creek Shiraz Red 2003 Creek
3456 Zinfandel Red 2004 Helena
2171 Pinot Noir Red 2001 Creek
3478 Pinot Noir Red 1999 Helena
4711 Riesling Reserve White 1999 M√ºller
4961 Chardonnay White 2002 Bighorn
ORIGIN Vineyard District Region
Creek Barossa Valley South Australia
Helena Napa Valley California
Ch√¢teau La Rose Saint-Emilion Bordeaux
Ch√¢teau La Pointe Pomerol Bordeaux
M√ºller Rheingau Hessen
Bighorn Napa Valley California
Table = ‚ÄúRelation‚Äù
Saake Database Concepts Last Edited: April 20, 2022 2‚Äì4"
"PDF-2, Pg12","Relational Databases ‚Äì Data as Tables Relations for Tabular Data
Presentation of Relations; Terminology
Bold Ô¨Åelds: relation schema
Further entries in the table: relation
A table row: tuple
A column heading: attribute
An entry: attribute value
A1...An.........RRelation NameAttributeTupleRelationRelation Schema
Saake Database Concepts Last Edited: April 20, 2022 2‚Äì5"
"PDF-2, Pg13","Relational Databases ‚Äì Data as Tables Relations for Tabular Data
Integrity Constraints: Keys
Attributes of a column unambiguously identify stored tuples: key
property
E.g., Vineyard for table ORIGIN
ORIGIN Vineyard District Region
Creek Barossa Valley South Australia
Helena Napa Valley California
Ch√¢teau La Rose Saint-Emilion Bordeaux
Ch√¢teau La Pointe Pomerol Bordeaux
M√ºller Rheingau Hessen
Bighorn Napa Valley California
Combinations of attributes can also be keys!
Keys can be marked by underlining them
Saake Database Concepts Last Edited: April 20, 2022 2‚Äì6"
"PDF-2, Pg14","Relational Databases ‚Äì Data as Tables Relations for Tabular Data
Integrity Constraints: Foreign Keys
Keys in one table can be used as unambiguous references in
another table (or even in the same table!): Foreign key, referential
integrity
E.g., Vineyard as a reference to ORIGIN
A foreign key is a key in a ‚Äúforeign‚Äù table
Saake Database Concepts Last Edited: April 20, 2022 2‚Äì7"
"PDF-2, Pg15","Relational Databases ‚Äì Data as Tables Relations for Tabular Data
Foreign Keys /2
WINES WineID Name Color Vintage Vineyard!ORIGIN
1042 La Rose Grand Cru Red 1998 Ch√¢teau La Rose
2168 Creek Shiraz Red 2003 Creek
3456 Zinfandel Red 2004 Helena
2171 Pinot Noir Red 2001 Creek
3478 Pinot Noir Red 1999 Helena
4711 Riesling Reserve White 1999 M√ºller
4961 Chardonnay White 2002 Bighorn
ORIGIN Vineyard District Region
Creek Barossa Valley South Australia
Helena Napa Valley California
Ch√¢teau La Rose Saint-Emilion Bordeaux
Ch√¢teau La Pointe Pomerol Bordeaux
M√ºller Rheingau Hessen
Bighorn Napa Valley California
Saake Database Concepts Last Edited: April 20, 2022 2‚Äì8"
"PDF-2, Pg16","Relational Databases ‚Äì Data as Tables SQL Data DeÔ¨Ånition
SQL Data DeÔ¨Ånition
Saake Database Concepts Last Edited: April 20, 2022 2‚Äì9"
"PDF-2, Pg17","Relational Databases ‚Äì Data as Tables SQL Data DeÔ¨Ånition
The create table Statement
create table base _relation _name (
column _name 1domain 1[not null ],
...
column _name kdomain k[not null ])
Effect of this command is both
Ito store the relation schema in the data dictionary, and
Ito prepare an ‚Äúempty base relation‚Äù in the database
Saake Database Concepts Last Edited: April 20, 2022 2‚Äì10"
"PDF-2, Pg18","Relational Databases ‚Äì Data as Tables SQL Data DeÔ¨Ånition
Possible Domains in SQL
integer (also: integer4 ,int),
smallint (also: integer2 ),
float (p) (also, for short, float ),
decimal (p,q) and numeric (p,q) with qdecimal places,
character (n) (also, for short, char(n), with n= 1 just char) for
character strings of Ô¨Åxed length n,
character varying (n) (also, for short, varchar (n) for
variable-length character strings up to the maximum length n,
bit(n) orbit varying (n) like varchar but for bit strings, and
date,time,timestamp for specifying dates, times and the
combination of date and time
Saake Database Concepts Last Edited: April 20, 2022 2‚Äì11"
"PDF-2, Pg19","Relational Databases ‚Äì Data as Tables SQL Data DeÔ¨Ånition
Example for create table
create table WINES (
WineID int not null ,
Name varchar (20) not null ,
Color varchar (10),
Vintage int,
Vineyard varchar (20),
primary key (WineID))
primary key marks column as key attribute
Saake Database Concepts Last Edited: April 20, 2022 2‚Äì12"
"PDF-2, Pg20","Relational Databases ‚Äì Data as Tables SQL Data DeÔ¨Ånition
create table with Foreign Key
create table WINES (
WineID int,
Name varchar (20) not null ,
Color varchar (10),
Vintage int,
Vineyard varchar (20),
primary key (WineID),
foreign key (Vineyard)
references ORIGIN(Vineyard))
foreign key marks column as a foreign key
Saake Database Concepts Last Edited: April 20, 2022 2‚Äì13"
"PDF-2, Pg21","Relational Databases ‚Äì Data as Tables SQL Data DeÔ¨Ånition
Null Values
not null precludes null values as attribute values for certain
columns
SQL uses null to refer to null values; we use ?
null has the semantics of ‚Äú unknown value ‚Äù, ‚Äúvalue does not
apply ‚Äù oder ‚Äú value does not exist ‚Äù; however, null itself does not
belong to any domain
null can occur in any column, except for key attributes or columns
marked not null
Saake Database Concepts Last Edited: April 20, 2022 2‚Äì14"
"PDF-2, Pg22","Relational Databases ‚Äì Data as Tables SQL Data DeÔ¨Ånition
Additional Notes on Data DeÔ¨Ånition in SQL
Apart from primary and foreign keys, SQL allows specifying the
following:
IDefault values for attributes using the default clause,
Icreate domain statement to deÔ¨Åne custom domains (data types),
and
Icheck clause to specify further local integrity constraints within the
domains, attributes and relation schemata being deÔ¨Åned
Saake Database Concepts Last Edited: April 20, 2022 2‚Äì15"
"PDF-2, Pg23","Relational Databases ‚Äì Data as Tables Basic Operations: The Relational Algebra
Basic Operations: The Relational Algebra
Saake Database Concepts Last Edited: April 20, 2022 2‚Äì16"
"PDF-2, Pg24","Relational Databases ‚Äì Data as Tables Basic Operations: The Relational Algebra
Query Operations on Tables
Basic operations on tables that allow computing new result tables
from saved database tables
Operations are combined to form the so-called relational algebra
Mathematics: algebra is deÔ¨Åned by a domain and operations
deÔ¨Åned on that domain
!for database queries, the contents of the database are the
values (of the domain), operations are functions to compute query
results
Query operations can be freely combined and form an algebra to
perform ‚Äúcalculations on tables‚Äù ‚Äì the so-called relational algebra
Saake Database Concepts Last Edited: April 20, 2022 2‚Äì17"
"PDF-2, Pg25","Relational Databases ‚Äì Data as Tables Basic Operations: The Relational Algebra
Relational Algebra: Overview
a1b2a2b2b2c3b3c4a2b3b4c5a1b2a2b2a2b3c3c3c4JoinSelectionProjection
Saake Database Concepts Last Edited: April 20, 2022 2‚Äì18"
"PDF-2, Pg26","Relational Databases ‚Äì Data as Tables Basic Operations: The Relational Algebra
Selection 
Selection: Choose rows in a table based on a selection predicate
Vintage>2000(WINES )
WineID Name Color Vintage Vineyard
2168 Creek Shiraz Red 2003 Creek
3456 Zinfandel Red 2004 Helena
2171 Pinot Noir Red 2001 Creek
4961 Chardonnay White 2002 Bighorn
Saake Database Concepts Last Edited: April 20, 2022 2‚Äì19"
"PDF-2, Pg27","Relational Databases ‚Äì Data as Tables Basic Operations: The Relational Algebra
Projection 
Projection: Choose columns by specifying a list of attributes
Region (ORIGIN )
Region
South Australia
California
Bordeaux
Hessen
Projection removes duplicate tuples.
Saake Database Concepts Last Edited: April 20, 2022 2‚Äì20"
"PDF-2, Pg28","Relational Databases ‚Äì Data as Tables Basic Operations: The Relational Algebra
Projection 
Projection: Choose columns by specifying a list of attributes
Region (ORIGIN )
Region
South Australia
California
Bordeaux
Hessen
Projection removes duplicate tuples.
Saake Database Concepts Last Edited: April 20, 2022 2‚Äì20"
"PDF-2, Pg29","Relational Databases ‚Äì Data as Tables Basic Operations: The Relational Algebra
Natural Join o n
Join: connects tables via same-named columns, combining two
tuples if they have equal values in those columns
WINESo nORIGIN
WineID Name ::: Vineyard District Region
1042 La Rose Grand Cru ::: Ch. La Rose Saint-Emilion Bordeaux
2168 Creek Shiraz ::: Creek Barossa Valley South Australia
3456 Zinfandel ::: Helena Napa Valley California
2171 Pinot Noir ::: Creek Barossa Valley South Australia
3478 Pinot Noir ::: Helena Napa Valley California
4711 Riesling Reserve ::: M√ºller Rheingau Hessen
4961 Chardonnay ::: Bighorn Napa Valley California
The vineyard ‚ÄúCh√¢teau La Pointe‚Äù is missing from the result  
tuples that do not Ô¨Ånd a partner ( dangling tuples ), are eliminated
Saake Database Concepts Last Edited: April 20, 2022 2‚Äì21"
"PDF-2, Pg30","Relational Databases ‚Äì Data as Tables Basic Operations: The Relational Algebra
Natural Join o n
Join: connects tables via same-named columns, combining two
tuples if they have equal values in those columns
WINESo nORIGIN
WineID Name ::: Vineyard District Region
1042 La Rose Grand Cru ::: Ch. La Rose Saint-Emilion Bordeaux
2168 Creek Shiraz ::: Creek Barossa Valley South Australia
3456 Zinfandel ::: Helena Napa Valley California
2171 Pinot Noir ::: Creek Barossa Valley South Australia
3478 Pinot Noir ::: Helena Napa Valley California
4711 Riesling Reserve ::: M√ºller Rheingau Hessen
4961 Chardonnay ::: Bighorn Napa Valley California
The vineyard ‚ÄúCh√¢teau La Pointe‚Äù is missing from the result  
tuples that do not Ô¨Ånd a partner ( dangling tuples ), are eliminated
Saake Database Concepts Last Edited: April 20, 2022 2‚Äì21"
"PDF-2, Pg31","Relational Databases ‚Äì Data as Tables Basic Operations: The Relational Algebra
Combining Operations
Name,Color,Vineyard (Vintage>2000(WINES) o nRegion=‚ÄôCalifornia‚Äô (ORIGIN) )
yields
Name Color Vineyard
Zinfandel Red Helena
Chardonnay White Bighorn
Saake Database Concepts Last Edited: April 20, 2022 2‚Äì22"
"PDF-2, Pg32","Relational Databases ‚Äì Data as Tables Basic Operations: The Relational Algebra
Renaming 
Renaming to adapt attribute names:
WINELIST Name
La Rose Grand Cru
Creek Shiraz
Zinfandel
Pinot Noir
Riesling ReserveRECOMMENDATION Wine
La Rose Grand Cru
Riesling Reserve
Merlot Selection
Sauvignon Blanc
Adapt with:
Name Wine (RECOMMENDATION)
Saake Database Concepts Last Edited: April 20, 2022 2‚Äì23"
"PDF-2, Pg33","Relational Databases ‚Äì Data as Tables Basic Operations: The Relational Algebra
Set Operations
Union r1[r2of two relations r1and r2: collects the tuple sets of
two relations in a common schema
Both relations must have the same set of attributes
WINELIST[Name Wine (RECOMMENDATION )
Name
La Rose Grand Cru
Creek Shiraz
Zinfandel
Pinot Noir
Riesling Reserve
Merlot Selection
Sauvignon Blanc
Saake Database Concepts Last Edited: April 20, 2022 2‚Äì24"
"PDF-2, Pg34","Relational Databases ‚Äì Data as Tables Basic Operations: The Relational Algebra
Set Operations /2
Difference r1"
"PDF-2, Pg35","Relational Databases ‚Äì Data as Tables Basic Operations: The Relational Algebra
Set Operations /3
Intersection r1\r2: yields all tuples that are present in both
relations
WINELIST\Name Wine (RECOMMENDATION )
yields:
Name
La Rose Grand Cru
Riesling Reserve
Saake Database Concepts Last Edited: April 20, 2022 2‚Äì26"
"PDF-2, Pg36","Relational Databases ‚Äì Data as Tables SQL as a Query Language
SQL as a Query Language
Saake Database Concepts Last Edited: April 20, 2022 2‚Äì27"
"PDF-2, Pg37","Relational Databases ‚Äì Data as Tables SQL as a Query Language
SQL Query as a Standard Language
Query a single table
select Name, Color
from WINES
where Vintage = 2002
SQL has multi-set semantics ‚Äî SQL does not automatically
suppress duplicate table entries!
Set semantics by using distinct
select distinct Name
from WINES
Saake Database Concepts Last Edited: April 20, 2022 2‚Äì28"
"PDF-2, Pg38","Relational Databases ‚Äì Data as Tables SQL as a Query Language
Joining Tables
Cross join as basic join
select *
from WINES, ORIGIN
Join with operator natural join
select *
from WINES natural join ORIGIN
Alternatively, join by specifying a join condition!
select *
from WINES, ORIGIN
where WINES.Vineyard = ORIGIN.Vineyard
Saake Database Concepts Last Edited: April 20, 2022 2‚Äì29"
"PDF-2, Pg39","Relational Databases ‚Äì Data as Tables SQL as a Query Language
Combining Conditions
Expression in relational algebra
Name,Color,Vineyard (Vintage>2000(WINES) o nRegion=‚ÄôCalifornia‚Äô (ORIGIN) )
Query in SQL
select Name, Color, WINES.Vineyard
from WINES, ORIGIN
where Vintage > 2000 and
Region = ‚ÄôCalifornia‚Äô and
WINES.Vineyard = ORIGIN.Vineyard
Saake Database Concepts Last Edited: April 20, 2022 2‚Äì30"
"PDF-2, Pg40","Relational Databases ‚Äì Data as Tables SQL as a Query Language
Set Operations in SQL
In SQL, union is realized by an extra operator, union
Differences by using nested queries
select *
from WINEMAKER
where Name not in (
select Surname
from CRITIC)
Saake Database Concepts Last Edited: April 20, 2022 2‚Äì31"
"PDF-2, Pg41","Relational Databases ‚Äì Data as Tables Manipulation Operations in SQL
Manipulation Operations in SQL
Saake Database Concepts Last Edited: April 20, 2022 2‚Äì32"
"PDF-2, Pg42","Relational Databases ‚Äì Data as Tables Manipulation Operations in SQL
Manipulation Operations in SQL
insert : Insert one or more tuples into a base relation or view
update : Change one or more tuples in a base relation or view
delete : Delete one or more tuples from a base relation or view
Local and global integrity constraints must be checked
automatically by the system when executing manipulation
operations.
Saake Database Concepts Last Edited: April 20, 2022 2‚Äì33"
"PDF-2, Pg43","Relational Databases ‚Äì Data as Tables Manipulation Operations in SQL
The update Statement
Syntax:
update base _relation
set attribute 1= expression 1
...
attribute n= expression n
[where condition ]
Saake Database Concepts Last Edited: April 20, 2022 2‚Äì34"
"PDF-2, Pg44","Relational Databases ‚Äì Data as Tables Manipulation Operations in SQL
Example for update
WINES WineID Name Color Vintage Vineyard Price
2168 Creek Shiraz Red 2003 Creek 7.99
3456 Zinfandel Red 2004 Helena 5.99
2171 Pinot Noir Red 2001 Creek 10.99
3478 Pinot Noir Red 1999 Helena 19.99
4711 Riesling Reserve White 1999 M√ºller 14.99
4961 Chardonnay White 2002 Bighorn 9.90
update WINES
set Price = Price *1.10
where Vintage < 2000
Saake Database Concepts Last Edited: April 20, 2022 2‚Äì35"
"PDF-2, Pg45","Relational Databases ‚Äì Data as Tables Manipulation Operations in SQL
Example for update : New Values
WINES WineID Name Color Vintage Vineyard Price
2168 Creek Shiraz Red 2003 Creek 7.99
3456 Zinfandel Red 2004 Helena 5.99
2171 Pinot Noir Red 2001 Creek 10.99
3478 Pinot Noir Red 1999 Helena 21.99
4711 Riesling Reserve White 1999 M√ºller 16.49
4961 Chardonnay White 2002 Bighorn 9.90
Saake Database Concepts Last Edited: April 20, 2022 2‚Äì36"
"PDF-2, Pg46","Relational Databases ‚Äì Data as Tables Manipulation Operations in SQL
Additional Notes on update
Operations on single tuples can be achieved by using the primary
key:
update WINES
set Price = 7.99
where WineID = 3456
Update the whole relation:
update WINES
set Price = 11
Saake Database Concepts Last Edited: April 20, 2022 2‚Äì37"
"PDF-2, Pg47","Relational Databases ‚Äì Data as Tables Manipulation Operations in SQL
The delete Statement
Syntax:
delete
from base _relation
[where condition ]
Delete a tuple from the WINES relation:
delete from WINES
where WineID = 4711
Saake Database Concepts Last Edited: April 20, 2022 2‚Äì38"
"PDF-2, Pg48","Relational Databases ‚Äì Data as Tables Manipulation Operations in SQL
Additional Notes on delete
Deletion of multiple tuples is the common case:
delete from WINES
where Color = ‚ÄôWhite‚Äô
Delete the whole relation:
delete from WINES
Saake Database Concepts Last Edited: April 20, 2022 2‚Äì39"
"PDF-2, Pg49","Relational Databases ‚Äì Data as Tables Manipulation Operations in SQL
Additional Notes on delete /2
Deletions can lead to violation of integrity constraints!
Example: Violation of the foreign key property if there are still
wines from this origin:
delete from ORIGIN
where District = ‚ÄôHessen‚Äô
Saake Database Concepts Last Edited: April 20, 2022 2‚Äì40"
"PDF-2, Pg50","Relational Databases ‚Äì Data as Tables Manipulation Operations in SQL
The insert Statement
Syntax:
insert
into base _relation
[ (attribute 1, ..., attribute n) ]
values (constant 1, ..., constant n)
Optional list of attributes allows for insertion of incomplete tuples
Saake Database Concepts Last Edited: April 20, 2022 2‚Äì41"
"PDF-2, Pg51","Relational Databases ‚Äì Data as Tables Manipulation Operations in SQL
insert Examples
insert into ORIGIN (Vineyard, Region)
values (‚ÄôWairau Hills‚Äô, ‚ÄôMarlborough‚Äô)
Not all attributes given  Value of missing attribute District will
benull
insert into ORIGIN
values (‚ÄôCh√¢teau Lafite‚Äô, ‚ÄôMedoc‚Äô, ‚ÄôBordeaux‚Äô)
Saake Database Concepts Last Edited: April 20, 2022 2‚Äì42"
"PDF-2, Pg52","Relational Databases ‚Äì Data as Tables Manipulation Operations in SQL
Inserting Computed Data
Syntax:
insert
into base _relation
[ (attribute 1, ..., attribute n) ]
SQL-query
Example:
insert into WINES (
select ProdID, ProdName, ‚ÄôRed‚Äô, ProdYear,
‚ÄôCh√¢teau Lafite‚Äô
from SUPPLIER
where SName = ‚ÄôAspri Spirits‚Äô )
Saake Database Concepts Last Edited: April 20, 2022 2‚Äì43"
"PDF-2, Pg53","Relational Databases ‚Äì Data as Tables Manipulation Operations in SQL
Summary
Relational model: database as a set of tables
Integrity constraints in the relational model
Table deÔ¨Ånition in SQL
Relational algebra: query operators
Basic concepts of SQL queries and manipulations
Saake Database Concepts Last Edited: April 20, 2022 2‚Äì44"
"PDF-2, Pg54","Relational Databases ‚Äì Data as Tables Manipulation Operations in SQL
Control Questions
What is a relation?
What are the deÔ¨Åning properties of the
relational algebra?
How are objects from the real world
represented in a relational database?
How can tables in SQL be deÔ¨Åned and
manipulated?
What are integrity constraints?
Saake Database Concepts Last Edited: April 20, 2022 2‚Äì45"
"PDF-2, Pg55","Relational Databases ‚Äì Data as Tables Manipulation Operations in SQL
Control Questions
What is a relation?
What are the deÔ¨Åning properties of the
relational algebra?
How are objects from the real world
represented in a relational database?
How can tables in SQL be deÔ¨Åned and
manipulated?
What are integrity constraints?
Saake Database Concepts Last Edited: April 20, 2022 2‚Äì45"
"PDF-2, Pg56","Relational Databases ‚Äì Data as Tables Manipulation Operations in SQL
Control Questions
What is a relation?
What are the deÔ¨Åning properties of the
relational algebra?
How are objects from the real world
represented in a relational database?
How can tables in SQL be deÔ¨Åned and
manipulated?
What are integrity constraints?
Saake Database Concepts Last Edited: April 20, 2022 2‚Äì45"
"PDF-2, Pg57","Relational Databases ‚Äì Data as Tables Manipulation Operations in SQL
Control Questions
What is a relation?
What are the deÔ¨Åning properties of the
relational algebra?
How are objects from the real world
represented in a relational database?
How can tables in SQL be deÔ¨Åned and
manipulated?
What are integrity constraints?
Saake Database Concepts Last Edited: April 20, 2022 2‚Äì45"
"PDF-2, Pg58","Relational Databases ‚Äì Data as Tables Manipulation Operations in SQL
Control Questions
What is a relation?
What are the deÔ¨Åning properties of the
relational algebra?
How are objects from the real world
represented in a relational database?
How can tables in SQL be deÔ¨Åned and
manipulated?
What are integrity constraints?
Saake Database Concepts Last Edited: April 20, 2022 2‚Äì45"
"PDF-6, Pg1","Part VI
The Relational Query Language SQL"
"PDF-6, Pg2","The Relational Query Language SQL
The Relational Query Language SQL
1The SFW Block in Detail
2Set Operations
3Nested Queries
4Extensions of the SFW Block
5Aggregation and Grouping
6Special Joins, Sorting, Null Values
7Recursion
8History and Summary
Saake Database Concepts Last Edited: April 20, 2022 6‚Äì1"
"PDF-6, Pg3","The Relational Query Language SQL
The Relational Query Language SQL
1The SFW Block in Detail
2Set Operations
3Nested Queries
4Extensions of the SFW Block
5Aggregation and Grouping
6Special Joins, Sorting, Null Values
7Recursion
8History and Summary
Saake Database Concepts Last Edited: April 20, 2022 6‚Äì1"
"PDF-6, Pg4","The Relational Query Language SQL
The Relational Query Language SQL
1The SFW Block in Detail
2Set Operations
3Nested Queries
4Extensions of the SFW Block
5Aggregation and Grouping
6Special Joins, Sorting, Null Values
7Recursion
8History and Summary
Saake Database Concepts Last Edited: April 20, 2022 6‚Äì1"
"PDF-6, Pg5","The Relational Query Language SQL
The Relational Query Language SQL
1The SFW Block in Detail
2Set Operations
3Nested Queries
4Extensions of the SFW Block
5Aggregation and Grouping
6Special Joins, Sorting, Null Values
7Recursion
8History and Summary
Saake Database Concepts Last Edited: April 20, 2022 6‚Äì1"
"PDF-6, Pg6","The Relational Query Language SQL
The Relational Query Language SQL
1The SFW Block in Detail
2Set Operations
3Nested Queries
4Extensions of the SFW Block
5Aggregation and Grouping
6Special Joins, Sorting, Null Values
7Recursion
8History and Summary
Saake Database Concepts Last Edited: April 20, 2022 6‚Äì1"
"PDF-6, Pg7","The Relational Query Language SQL
The Relational Query Language SQL
1The SFW Block in Detail
2Set Operations
3Nested Queries
4Extensions of the SFW Block
5Aggregation and Grouping
6Special Joins, Sorting, Null Values
7Recursion
8History and Summary
Saake Database Concepts Last Edited: April 20, 2022 6‚Äì1"
"PDF-6, Pg8","The Relational Query Language SQL
The Relational Query Language SQL
1The SFW Block in Detail
2Set Operations
3Nested Queries
4Extensions of the SFW Block
5Aggregation and Grouping
6Special Joins, Sorting, Null Values
7Recursion
8History and Summary
Saake Database Concepts Last Edited: April 20, 2022 6‚Äì1"
"PDF-6, Pg9","The Relational Query Language SQL
The Relational Query Language SQL
1The SFW Block in Detail
2Set Operations
3Nested Queries
4Extensions of the SFW Block
5Aggregation and Grouping
6Special Joins, Sorting, Null Values
7Recursion
8History and Summary
Saake Database Concepts Last Edited: April 20, 2022 6‚Äì1"
"PDF-6, Pg10","The Relational Query Language SQL
Educational Objective for Today . . .
Advanced knowledge of the relational SQL
Knowledge of extensions of the SFW block
Understanding the formulation and
evaluation of recursive queries
Saake Database Concepts Last Edited: April 20, 2022 6‚Äì2"
"PDF-6, Pg11","The Relational Query Language SQL
Educational Objective for Today . . .
Advanced knowledge of the relational SQL
Knowledge of extensions of the SFW block
Understanding the formulation and
evaluation of recursive queries
Saake Database Concepts Last Edited: April 20, 2022 6‚Äì2"
"PDF-6, Pg12","The Relational Query Language SQL
Educational Objective for Today . . .
Advanced knowledge of the relational SQL
Knowledge of extensions of the SFW block
Understanding the formulation and
evaluation of recursive queries
Saake Database Concepts Last Edited: April 20, 2022 6‚Äì2"
"PDF-6, Pg13","The Relational Query Language SQL The SFW Block in Detail
The SFW Block in Detail
Saake Database Concepts Last Edited: April 20, 2022 6‚Äì3"
"PDF-6, Pg14","The Relational Query Language SQL The SFW Block in Detail
Structure of an SQL Query
--query
select projection-list
from relations-list
[where condition ]
select
Projection list
Arithmetic operations and aggregation functions
from
Relations to use, optionally aliases (renamings)
where
Selection and join conditions
Nested queries (another SFW block)
Saake Database Concepts Last Edited: April 20, 2022 6‚Äì4"
"PDF-6, Pg15","The Relational Query Language SQL The SFW Block in Detail
Selection of Tables: The from Clause
Most simple form:
IEach relation name may be followed by an optional tuple variable
select *
from relations _list
Example query:
select *
from WINES
Saake Database Concepts Last Edited: April 20, 2022 6‚Äì5"
"PDF-6, Pg16","The Relational Query Language SQL The SFW Block in Detail
Cartesian Product
With more than one relation, the Cartesian product (a.k.a. cross
product) is computed:
select *
from WINES, PRODUCER
Allcombinations are returned!
Saake Database Concepts Last Edited: April 20, 2022 6‚Äì6"
"PDF-6, Pg17","The Relational Query Language SQL The SFW Block in Detail
Tuple Variables for Repeated Access
Using tuple variables, a relation can be accessed several times:
select *
from WINES w1, WINES w2
Columns are then called:
w1.WineID, w1.Name, w1.Color, w1.Vintage, w1.Vineyard
w2.WineID, w2.Name, w2.Color, w2.Vintage, w2.Vineyard
Saake Database Concepts Last Edited: April 20, 2022 6‚Äì7"
"PDF-6, Pg18","The Relational Query Language SQL The SFW Block in Detail
Natural Join in SQL92
Early versions of SQL
IStandard that is usually implemented in current systems
IOnly know cross product, no explicit join operator
IJoin achieved with predicate after where
Example for natural join:
select *
from WINES, PRODUCER
where WINES.Vineyard = PRODUCER.Vineyard
Saake Database Concepts Last Edited: April 20, 2022 6‚Äì8"
"PDF-6, Pg19","The Relational Query Language SQL The SFW Block in Detail
Joins as Explicit Operators: natural join
Newer SQL versions
IKnow several explicit join operators
ICan be seen as an abbreviation of the detailed query with cross
product
select *
from WINES natural join PRODUCER
Saake Database Concepts Last Edited: April 20, 2022 6‚Äì9"
"PDF-6, Pg20","The Relational Query Language SQL The SFW Block in Detail
Joins as Explicit Operators: join
Join with arbitrary predicate:
select *
from WINES join PRODUCER
onWINES.Vineyard = PRODUCER.Vineyard
Equi-joins on columns using the same name with using :
select *
from WINES join PRODUCER
using (Vineyard)
Saake Database Concepts Last Edited: April 20, 2022 6‚Äì10"
"PDF-6, Pg21","The Relational Query Language SQL The SFW Block in Detail
Joins as Explicit Operators: cross join
Cross product (a.k.a. Cartesian product)
select *
from WINES, PRODUCER
Ascross join
select *
from WINES cross join PRODUCER
Saake Database Concepts Last Edited: April 20, 2022 6‚Äì11"
"PDF-6, Pg22","The Relational Query Language SQL The SFW Block in Detail
Tuple Variable for Intermediate Results
‚ÄúIntermediate relations‚Äù from SQL operations or an SFW block can
be named using tuple variables
select Result.Vineyard
from (WINES natural join PRODUCER) asResult
Forfrom, tuple variables are mandatory
asis optional
Saake Database Concepts Last Edited: April 20, 2022 6‚Äì12"
"PDF-6, Pg23","The Relational Query Language SQL The SFW Block in Detail
The select Clause
Determines projection attributes
select [distinct ]projection-list
from ...
with
projection-list :=fattributej
arithmetic-expression j
aggregation-function g[, ...]
IAttributes of the relation after the from, optionally with a preÔ¨Åx that
speciÔ¨Åes names of relations or names of tuple variables
IArithmetic expressions over attributes of these relations, as well as
constants
IAggregation functions over attributes of these relations
Saake Database Concepts Last Edited: April 20, 2022 6‚Äì13"
"PDF-6, Pg24","The Relational Query Language SQL The SFW Block in Detail
The select Clause /2
Special case of the projection list: *
IYields all attributes of the relation(s) from the from part
select *
from WINES
Saake Database Concepts Last Edited: April 20, 2022 6‚Äì14"
"PDF-6, Pg25","The Relational Query Language SQL The SFW Block in Detail
distinct Eliminates Duplicates
select Name from WINES
Yields the result relation as a multi-set:
Name
La Rose Grand Cru
Creek Shiraz
Zinfandel
Pinot Noir
Pinot Noir
Riesling Reserve
Chardonnay
Saake Database Concepts Last Edited: April 20, 2022 6‚Äì15"
"PDF-6, Pg26","The Relational Query Language SQL The SFW Block in Detail
distinct Eliminates Duplicates /2
select distinct Name from WINES
Yields projection from the relational algebra:
Name
La Rose Grand Cru
Creek Shiraz
Zinfandel
Pinot Noir
Riesling Reserve
Chardonnay
Saake Database Concepts Last Edited: April 20, 2022 6‚Äì16"
"PDF-6, Pg27","The Relational Query Language SQL The SFW Block in Detail
Tuple Variables and Relation Names
Query
select Name from WINES
is equivalent to
select WINES.Name from WINES
and
select W.Name from WINES W
Saake Database Concepts Last Edited: April 20, 2022 6‚Äì17"
"PDF-6, Pg28","The Relational Query Language SQL The SFW Block in Detail
PreÔ¨Åxes for Unambiguousness
select Name, Vintage, Vineyard -- (wrong!)
from WINES natural join PRODUCER
Attribute Vineyard exists in both tables, WINES and PRODUCER !
Correct with preÔ¨Åx:
select Name, Vintage, PRODUCER.Vineyard
from WINES natural join PRODUCER
Saake Database Concepts Last Edited: April 20, 2022 6‚Äì18"
"PDF-6, Pg29","The Relational Query Language SQL The SFW Block in Detail
PreÔ¨Åxes for Unambiguousness /2
When using tuple variables, the name of a tuple variable can be
used to qualify an attribute:
select w1.Name, w2.Vineyard
from WINES w1, WINES w2
Saake Database Concepts Last Edited: April 20, 2022 6‚Äì19"
"PDF-6, Pg30","The Relational Query Language SQL The SFW Block in Detail
The where Clause
select ...from ...
where condition
Forms of the condition:
IComparing an attribute with a constant:
attribute constant
possible comparison symbols depend on the domain; e.g., =,
<>,>,<,>=or<=.
IComparison between two attributes with compatible domains:
attribute1 attribute2
ILogical connectors or,andand not
Saake Database Concepts Last Edited: April 20, 2022 6‚Äì20"
"PDF-6, Pg31","The Relational Query Language SQL The SFW Block in Detail
Join Condition
Join condition has the form:
relation1.attribute =relation2.attribute
Example:
select Name, Vintage, PRODUCER.Vineyard
from WINES, PRODUCER
where WINES.Vineyard = PRODUCER.Vineyard
Saake Database Concepts Last Edited: April 20, 2022 6‚Äì21"
"PDF-6, Pg32","The Relational Query Language SQL The SFW Block in Detail
Range Selection
Range selection
attrib between constant 1and constant 2
is abbreviation for
attribconstant 1and
attribconstant 2
Restricts attribute values to the closed interval [constant 1,
constant 2]
Example:
select *from WINES
where Vintage between 2000 and 2005
Saake Database Concepts Last Edited: April 20, 2022 6‚Äì22"
"PDF-6, Pg33","The Relational Query Language SQL The SFW Block in Detail
Imprecise Selection
Notation
attribute like special-constant
Pattern matching in strings (search for multiple substrings)
Special constant can contain the wildcard characters ‚Äò%‚Äô and ‚Äò_‚Äô
I‚Äò%‚Äô stands for no character or an arbitrary string of characters
I‚Äò_‚Äô stands for exactly one character
Saake Database Concepts Last Edited: April 20, 2022 6‚Äì23"
"PDF-6, Pg34","The Relational Query Language SQL The SFW Block in Detail
Imprecise Selection /2
Example
select *from WINES
where Name like ‚ÄôLa Rose%‚Äô
is shorthand for
select *from WINES
where Name = ‚ÄôLa Rose‚Äô
orName = ‚ÄôLa RoseA‚Äô orName = ‚ÄôLa RoseAA‚Äô ...
orName = ‚ÄôLa RoseB‚Äô orName = ‚ÄôLa RoseBB‚Äô ...
...
orName = ‚ÄôLa Rose Grand Cru‚Äô ...
orName = ‚ÄôLa Rose Grand Cru Classe‚Äô ...
...
orName = ‚ÄôLa RoseZZZZZZZZZZZZZ‚Äô ...
Saake Database Concepts Last Edited: April 20, 2022 6‚Äì24"
"PDF-6, Pg35","The Relational Query Language SQL Set Operations
Set Operations
Saake Database Concepts Last Edited: April 20, 2022 6‚Äì25"
"PDF-6, Pg36","The Relational Query Language SQL Set Operations
Set Operations
Set operation require compatible domains for pairs of
corresponding attributes:
IBoth domains are equal, or
Iboth domains are based on character (irrespective of the length of
the strings), or
Iboth domains are numeric (irrespective of the exact types), such as
integer orfloat .
Result schema := schema of the ‚Äúleft‚Äù relation
select A, B, C from R1
union
select A, C, D from R2
Saake Database Concepts Last Edited: April 20, 2022 6‚Äì26"
"PDF-6, Pg37","The Relational Query Language SQL Set Operations
Set Operations in SQL
Union ,intersection anddifference asunion ,intersect and
except
Can be used orthogonally:
select *
from (select Vineyard from PRODUCER
except select Vineyard from WINES)
equivalent to
select *
from PRODUCER except corresponding WINES
Saake Database Concepts Last Edited: April 20, 2022 6‚Äì27"
"PDF-6, Pg38","The Relational Query Language SQL Set Operations
Set Operations in SQL /2
Viacorresponding by clause: speciÔ¨Åcation of the list of attributes
over which to perform the set operation
select *
from PRODUCER except corresponding by (Vineyard) WINES
When using union: Default case is duplicate removal ( union
distinct ); without duplicate removal when using union all
Saake Database Concepts Last Edited: April 20, 2022 6‚Äì28"
"PDF-6, Pg39","The Relational Query Language SQL Set Operations
Set Operations in SQL /3
RABC
123
234SACD
234
245
R union S ABC
123
234
245R union all S ABC
123
234
234
245
R union corresponding S AC
13
24
23
R union corresponding by (A)SA
1
2
Saake Database Concepts Last Edited: April 20, 2022 6‚Äì29"
"PDF-6, Pg40","The Relational Query Language SQL Nested Queries
Nested Queries
Saake Database Concepts Last Edited: April 20, 2022 6‚Äì30"
"PDF-6, Pg41","The Relational Query Language SQL Nested Queries
Nesting Queries
Necessary for comparing sets of values:
IStandard comparisons in combination with the quantiÔ¨Åers all(8) or
any(9)
ISpecial predicates for working with sets, inand exists
Saake Database Concepts Last Edited: April 20, 2022 6‚Äì31"
"PDF-6, Pg42","The Relational Query Language SQL Nested Queries
inPredicate and Nested Queries
Notation:
attribute in(SFW-block )
Example:
select Name
from WINES
where Vineyard in(
select Vineyard from PRODUCER
where Region=‚ÄôBordeaux‚Äô)
Saake Database Concepts Last Edited: April 20, 2022 6‚Äì32"
"PDF-6, Pg43","The Relational Query Language SQL Nested Queries
Evaluation of Nested Queries
1Evaluation of the inner query regarding the vineyards from
Bordeaux
2Insertion of the results as a set of constants in the outer query
after in
3Evaluation of the modiÔ¨Åed query
select Name
from WINES
where Vineyard in(
‚ÄôCh√¢teau La Rose‚Äô, ‚ÄôCh√¢teau La Pointe‚Äô)
Name
La Rose Grand Cru
Saake Database Concepts Last Edited: April 20, 2022 6‚Äì33"
"PDF-6, Pg44","The Relational Query Language SQL Nested Queries
Evaluation of Nested Queries /2
Internal evaluation: transformation into a join
select Name
from WINES natural join PRODUCER
where Region = ‚ÄôBordeaux‚Äô
Saake Database Concepts Last Edited: April 20, 2022 6‚Äì34"
"PDF-6, Pg45","The Relational Query Language SQL Nested Queries
Negation of the inPredicate
Simulation of the difference operator
Vineyard (PRODUCER )"
"PDF-6, Pg46","The Relational Query Language SQL Nested Queries
Expressiveness of the SQL Kernel
Relational Algebra SQL
Projection select distinct
Selection where without nesting
Join from,where
from with join ornatural join
Renaming from with tuple variable; as
Difference where with nesting
except corresponding
Intersection where with nesting
intersect corresponding
Union union corresponding
Saake Database Concepts Last Edited: April 20, 2022 6‚Äì36"
"PDF-6, Pg47","The Relational Query Language SQL Extensions of the SFW Block
Extensions of the SFW Block
Saake Database Concepts Last Edited: April 20, 2022 6‚Äì37"
"PDF-6, Pg48","The Relational Query Language SQL Extensions of the SFW Block
Additional Notes on SQL
Extensions of the SFW block
IFurther join operations inside the from clause (outer join),
IOther kinds of conditions and conditions using quantiÔ¨Åers inside the
where clause,
IApplication of scalar operations and aggregation functions inside
theselect clause,
IAdditional clauses group by and having
Recursive queries
Saake Database Concepts Last Edited: April 20, 2022 6‚Äì38"
"PDF-6, Pg49","The Relational Query Language SQL Extensions of the SFW Block
Scalar Expressions
Renaming of columns: expression asnew-name
Scalar operations on
INumeric domains: for instance +,"
"PDF-6, Pg50","The Relational Query Language SQL Extensions of the SFW Block
Scalar Expressions /2
Return the names of all Grand-Cru wines
select substring (Name from 1for
(char _length (Name) - position (‚ÄôGrand Cru‚Äô inName)))
from WINES where Name like ‚Äô%Grand Cru‚Äô
Assumption: additional attribute ProdDate inWINES
alter table WINES add column ProdDate date
update WINES set ProdDate = date ‚Äô2004-08-13‚Äô
where Name = ‚ÄôZinfandel‚Äô
Query:
select Name, year (current _date - ProdDate) asAge
from WINES
Saake Database Concepts Last Edited: April 20, 2022 6‚Äì40"
"PDF-6, Pg51","The Relational Query Language SQL Extensions of the SFW Block
Conditional Expressions
case expression: return a value depending on the Evaluation of
predicate
case
when predicate 1then expression 1
...
when predicate n"
"PDF-6, Pg52","The Relational Query Language SQL Extensions of the SFW Block
Type Conversion
Explicit conversion of the types of expressions
cast (expression astypname )
Example: intvalues as strings for the concatenation operator
select cast (Vintage asvarchar) || ‚Äô ‚Äô ||
Name asDescription
from WINES
Saake Database Concepts Last Edited: April 20, 2022 6‚Äì42"
"PDF-6, Pg53","The Relational Query Language SQL Extensions of the SFW Block
QuantiÔ¨Åers and Set Comparisons
QuantiÔ¨Åers: all,any,some and exists
Notation
attribute falljanyjsomeg(
select attribute
from ...where ...)
all:where condition is fulÔ¨Ålled if for all tuples of the inner SFW
block, the-comparison with attribute evaluates to true
anyand some:where condition is fulÔ¨Ålled if the -comparison
evaluates to true for at least one tuple of the inner SFW block
Saake Database Concepts Last Edited: April 20, 2022 6‚Äì43"
"PDF-6, Pg54","The Relational Query Language SQL Extensions of the SFW Block
Conditions with QuantiÔ¨Åers: Examples
Determine the oldest wine
select *
from WINES
where Vintage <= all (
select Vintage from WINES)
All vineyards that produce red wines
select *
from PRODUCER
where Vineyard = any (
select Vineyard from WINES
where Color = ‚ÄôRed‚Äô)
Saake Database Concepts Last Edited: April 20, 2022 6‚Äì44"
"PDF-6, Pg55","The Relational Query Language SQL Extensions of the SFW Block
Comparison of Sets of Values
Test for equality of two sets impossible with quantiÔ¨Åers alone
Example: ‚ÄúReturn all producers that produce both, red and white
wines.‚Äù
Wrong query
select Vineyard
from WINES
where Color = ‚ÄôRed‚Äô and Color = ‚ÄôWhite‚Äô
Correct query
select w1.Vineyard
from WINES w1, WINES w2
where w1.Vineyard = w2.Vineyard
and w1.Color = ‚ÄôRed‚Äô and w2.Color = ‚ÄôWhite‚Äô
Saake Database Concepts Last Edited: April 20, 2022 6‚Äì45"
"PDF-6, Pg56","The Relational Query Language SQL Extensions of the SFW Block
The exists /not exists Predicate
Simple form of nesting
exists (SFW-block )
Yields true if the result of the inner query is not empty
Especially useful for correlated subqueries (a.k.a. synchronized
subqueries)
IIn the inner query, the relation names and tuple variable names
from the from part of the outer query are used
Saake Database Concepts Last Edited: April 20, 2022 6‚Äì46"
"PDF-6, Pg57","The Relational Query Language SQL Extensions of the SFW Block
Synchronized Subqueries
Vineyards with 1999 red wine
select *from PRODUCER
where 1999 in(
select Vintage from WINES
where Color=‚ÄôRed‚Äô and WINES.Vineyard = PRODUCER.Vineyard)
Conceptual evaluation
1Examination of the Ô¨Årst PRODUCER tuple the outer query (Creek) and
insertion into the inner query
2Evaluation of the inner query
select Vintage from WINES
where Color=‚ÄôRed‚Äô and WINES.Vineyard = ‚ÄôCreek‚Äô
3Continue at step 1. with second tuple . . .
Alternative: reformulation as join
Saake Database Concepts Last Edited: April 20, 2022 6‚Äì47"
"PDF-6, Pg58","The Relational Query Language SQL Extensions of the SFW Block
Example for exists
Vineyards from Bordeaux without known wines
select *from PRODUCER e
where Region = ‚ÄôBordeaux‚Äô and not exists (
select *from WINES
where Vineyard = e.Vineyard)
Saake Database Concepts Last Edited: April 20, 2022 6‚Äì48"
"PDF-6, Pg59","The Relational Query Language SQL Aggregation and Grouping
Aggregation and Grouping
Saake Database Concepts Last Edited: April 20, 2022 6‚Äì49"
"PDF-6, Pg60","The Relational Query Language SQL Aggregation and Grouping
Aggregation Functions and Grouping
Aggregation functions calculate new values for the whole column,
such as the sum or the average of the values of a column
Example: Determination of the average price of articles or the
total sales of all sold products
With additional grouping: calculation of functions per group, e.g.,
the average price per Product group or the total sales per
customer
Saake Database Concepts Last Edited: April 20, 2022 6‚Äì50"
"PDF-6, Pg61","The Relational Query Language SQL Aggregation and Grouping
Aggregation Functions
Aggregation functions in Standard-SQL:
Icount : calculates the number of values in a column or alternatively
(in a special case count ()) the number of tuples of a relation
Isum: calculates the sum of all values in a column (only for numeric
values)
Iavg: calculates the arithmetic mean of the values of a column (only
for numeric domains)
Imaxresp. min: calculate the biggest or smallest value of a column
Saake Database Concepts Last Edited: April 20, 2022 6‚Äì51"
"PDF-6, Pg62","The Relational Query Language SQL Aggregation and Grouping
Aggregation Functions /2
Arguments of a aggregation function:
Ian attribute of the from-""""clause speciÔ¨Åed relation,
Ia valid scalar expression or,
Iin the clause of the count -""""function also the symbol 
Saake Database Concepts Last Edited: April 20, 2022 6‚Äì52"
"PDF-6, Pg63","The Relational Query Language SQL Aggregation and Grouping
Aggregation Functions /3
Before the argument (except of the case count ()) optional also
the keywords distinct orall
Idistinct : before application of aggregation functions, duplicate
values are removed from the set of values on which the function is
applied
Iall: duplicates are used in calculations (default setting)
Inull values are always eliminated before the function is applied
(except of the case of count ())
Saake Database Concepts Last Edited: April 20, 2022 6‚Äì53"
"PDF-6, Pg64","The Relational Query Language SQL Aggregation and Grouping
Aggregation Functions ‚Äì Examples
Number of wines
select count (*)asNumber
from WINES
results in
Number
7
Saake Database Concepts Last Edited: April 20, 2022 6‚Äì54"
"PDF-6, Pg65","The Relational Query Language SQL Aggregation and Grouping
Aggregation Functions ‚Äì Examples /2
Number of distinct wine regions:
select count (distinct Region)
from PRODUCER
Wines that are older than the average:
select Name, Vintage
from WINES
where Vintage < ( select avg (Vintage) from WINES)
All producers that deliver exactly one wine:
select *from PRODUCER e
where 1 = ( select count (*)from WINES w
where w.Vineyard = e.Vineyard)
Saake Database Concepts Last Edited: April 20, 2022 6‚Äì55"
"PDF-6, Pg66","The Relational Query Language SQL Aggregation and Grouping
Aggregation Functions /2
Nesting of aggregation functions is not allowed
select f1(f2(A))asResult
from R... -- (Wrong!)
Possible formalization:
select f1(Temp) asResult
from (select f2(A)asTemp from R...)
Saake Database Concepts Last Edited: April 20, 2022 6‚Äì56"
"PDF-6, Pg67","The Relational Query Language SQL Aggregation and Grouping
Aggregation Functions in where Clause
Aggregation functions give only one value  Application in
Constants-""""Selections of the where -""""Clause possible
All producers that deliver exactly one wine:
select *from PRODUCER e
where 1 = (
select count (*)from WINES w
where w.Vineyard = e.Vineyard)
Saake Database Concepts Last Edited: April 20, 2022 6‚Äì57"
"PDF-6, Pg68","The Relational Query Language SQL Aggregation and Grouping
group by and having
Notation
select ...
from ...
[where ...]
[group by attribute-list ]
[having condition ]
Saake Database Concepts Last Edited: April 20, 2022 6‚Äì58"
"PDF-6, Pg69","The Relational Query Language SQL Aggregation and Grouping
Grouping: Scheme
Relation REL:
ABC D
123 4
124 5
233 4
334 5
336 7
. . .
Query:
select A,sum(D) from REL where ...
group by A, B
having A<4and sum (D)<10and max (C)=4
Saake Database Concepts Last Edited: April 20, 2022 6‚Äì59"
"PDF-6, Pg70","The Relational Query Language SQL Aggregation and Grouping
Grouping: Step 1
from and where
ABCD
1234
1245
2334
3345
3367
. . .√†ABCD
1234
1245
2334
3345
3367
Saake Database Concepts Last Edited: April 20, 2022 6‚Äì60"
"PDF-6, Pg71","The Relational Query Language SQL Aggregation and Grouping
Grouping: Step 2
group by A, B
ABCD
1234
1245
2334
3345
3367√†AB N
CD
1234
45
2334
3345
67
Saake Database Concepts Last Edited: April 20, 2022 6‚Äì61"
"PDF-6, Pg72","The Relational Query Language SQL Aggregation and Grouping
Grouping: Step 3
select A,sum(D)
AB N
CD
1234
45
2334
3345
67√†Asum(D) N
CD
19 34
45
24 34
312 45
67
Saake Database Concepts Last Edited: April 20, 2022 6‚Äì62"
"PDF-6, Pg73","The Relational Query Language SQL Aggregation and Grouping
Grouping: Step 4
having A<4and sum (D)<10and max (C)=4
Asum(D) N
CD
19 34
45
24 34
312 45
67√†Asum(D)
19
Saake Database Concepts Last Edited: April 20, 2022 6‚Äì63"
"PDF-6, Pg74","The Relational Query Language SQL Aggregation and Grouping
Grouping - Example
Number of red and white wines:
select Color, count (*)asNumber
from WINES
group by Color
Result relation:
Color Number
red 5
white 2
Saake Database Concepts Last Edited: April 20, 2022 6‚Äì64"
"PDF-6, Pg75","The Relational Query Language SQL Aggregation and Grouping
having - Example
Region with more than one wine
select Region, count (*)asNumber
from PRODUCER natural join WINES
group by Region
having count (*) > 1
Saake Database Concepts Last Edited: April 20, 2022 6‚Äì65"
"PDF-6, Pg76","The Relational Query Language SQL Aggregation and Grouping
Attributes for Aggregation resp. having
Valid attributes after select at grouping on relation with scheme R
IGrouping attributes G
IAggregations on non-grouping attributes R"
"PDF-6, Pg77","The Relational Query Language SQL Special Joins, Sorting, Null Values
Special Joins, Sorting, Null Values
Saake Database Concepts Last Edited: April 20, 2022 6‚Äì67"
"PDF-6, Pg78","The Relational Query Language SQL Special Joins, Sorting, Null Values
Outer Joins
Additionally to classic join ( inner join ): in SQL-92 also outer join
 Adoption of ‚Äúdangling tuples‚Äù into the result and completion
with null values
outer join takes all tuples of both operands (long version: full
outer join )
left outer join resp. right outer join takes all tuples of the
left resp. right operand
Outer natural join each with keyword natural , e.g. natural left
outer join
Saake Database Concepts Last Edited: April 20, 2022 6‚Äì68"
"PDF-6, Pg79","The Relational Query Language SQL Special Joins, Sorting, Null Values
Outer Joins /2
LEFT AB
12
23RIGHT BC
34
45NATURAL JOIN ABC
234
OUTER A BC
12?
234
?45LEFT ABC
12?
234RIGHT A BC
234
?45
Saake Database Concepts Last Edited: April 20, 2022 6‚Äì69"
"PDF-6, Pg80","The Relational Query Language SQL Special Joins, Sorting, Null Values
Outer Join: Example
select Region, count (WineID) asNumber
from PRODUCER natural left outer join WINES
group by Region
Region Number
Barossa Valley 2
Napa Valley 3
Saint-Emilion 1
Pomerol 0
Rheingau 1
Saake Database Concepts Last Edited: April 20, 2022 6‚Äì70"
"PDF-6, Pg81","The Relational Query Language SQL Special Joins, Sorting, Null Values
Simulation of the Outer Join
Left outer join
select *
from PRODUCER natural join WINES
union all
select PRODUCER. *,cast (null as int ),
cast (null as varchar (20)),
cast (null as varchar (10)), cast (null as int ),
cast (null as varchar (20))
from PRODUCER e
where not exists (
select *
from WINES
where WINES.Vineyard = e.Vineyard)
Saake Database Concepts Last Edited: April 20, 2022 6‚Äì71"
"PDF-6, Pg82","The Relational Query Language SQL Special Joins, Sorting, Null Values
Sorting with order by
Notation
order by attribute-list
Example:
select *
from WINES
order by Vintage
Sorting ascending ( asc) or descending ( desc)
Sorting as last operation of a query  Sort attribute must be
contained in the select clause
Saake Database Concepts Last Edited: April 20, 2022 6‚Äì72"
"PDF-6, Pg83","The Relational Query Language SQL Special Joins, Sorting, Null Values
Sorting /2
Sorting also with calculated attributes (aggregates) as sort
criterion
select Vineyard, count (*)asNumber
from PRODUCER natural join WINES
group by Vineyard
order by Number desc
Saake Database Concepts Last Edited: April 20, 2022 6‚Äì73"
"PDF-6, Pg84","The Relational Query Language SQL Special Joins, Sorting, Null Values
Sorting: Top-k-Queries
Query, that gives the best kelements for a ranking function
select w1.Name, count (*)asRank
from WINES w1, WINES w2
where w1.Vintage <= w2.Vintage -- Step 1
group by w1.Name, w1.WineID -- Step 2
having count (*) <= 4 -- Step 3
order by Rank -- Step 4
Name Rank
Zinfandel 1
Creek Shiraz 2
Chardonnay 3
Pinot Noir 4
Saake Database Concepts Last Edited: April 20, 2022 6‚Äì74"
"PDF-6, Pg85","The Relational Query Language SQL Special Joins, Sorting, Null Values
Sorting: Top-k-Queries
Determination of the k=4youngest wines
Explanation
IStep 1: assignment of all wines that are older
IStep 2: grouping by names, determination of the rank
IStep 3: restriction to ranks 4
IStep 4: sorting by rank
Saake Database Concepts Last Edited: April 20, 2022 6‚Äì75"
"PDF-6, Pg86","The Relational Query Language SQL Special Joins, Sorting, Null Values
Handling of Null Values
Scalar Expressions: Result null, when null value is used in
calculation
In all aggregation functions (except of count ()) null values are
removed before the function is applied
Almost all comparisons with null values result in unknown (instead
oftrue orfalse )
Exception: is null gives true and is not null gives false
Boolean expressions are then based on three-valued logic
Saake Database Concepts Last Edited: April 20, 2022 6‚Äì76"
"PDF-6, Pg87","The Relational Query Language SQL Special Joins, Sorting, Null Values
Handling of Null Values /2
and true unknown false
true true unknown false
unknown unknown unknown false
false false false false
or true unknown false
true true true true
unknown true unknown unknown
false true unknown false
not
true false
unknown unknown
false true
Saake Database Concepts Last Edited: April 20, 2022 6‚Äì77"
"PDF-6, Pg88","The Relational Query Language SQL Special Joins, Sorting, Null Values
Selection of Null Values
Null-Selection selects tuples that contain null values for a certain
attribute
Notation
attribute is null
Example
select *from PRODUCER
where Region is null
Saake Database Concepts Last Edited: April 20, 2022 6‚Äì78"
"PDF-6, Pg89","The Relational Query Language SQL Recursion
Recursion
Saake Database Concepts Last Edited: April 20, 2022 6‚Äì79"
"PDF-6, Pg90","The Relational Query Language SQL Recursion
Named Queries
Query expression that can be referenced multiple times in a query
Notation
with query-name [(column-list ) ] as
(query-expression )
Query without with
select *
from WINES
where Vintage - 2 >= (
select avg (Vintage) from WINES)
and Vintage + 2 <= (
select avg (Vintage) from WINES)
Saake Database Concepts Last Edited: April 20, 2022 6‚Äì80"
"PDF-6, Pg91","The Relational Query Language SQL Recursion
Named Queries /2
Query with with
with AGE(Average) as(
select avg (Vintage) from WINES)
select *
from WINES, AGE
where Vintage - 2 >= Average
and Vintage + 2 <= Average
Saake Database Concepts Last Edited: April 20, 2022 6‚Äì81"
"PDF-6, Pg92","The Relational Query Language SQL Recursion
Recursive Queries
Application: Bill of Material -Queries, Calculation of the transitive
closure (Ô¨Çight connection etc.)
Example:
BUSLINE Departure Arrival Distance
Nuriootpa Penrice 7
Nuriootpa Tanunda 7
Tanunda SeppeltsÔ¨Åeld 9
Tanunda Bethany 4
Bethany Lyndoch 14
Saake Database Concepts Last Edited: April 20, 2022 6‚Äì82"
"PDF-6, Pg93","The Relational Query Language SQL Recursion
Recursive Queries /2
Bus trips with max. two transfers
select Departure, Arrival
from BUSLINE
where Departure = ‚ÄôNuriootpa‚Äô
union
select B1.Departure, B2.Arrival
from BUSLINE B1, BUSLINE B2
where B1.Departure = ‚ÄôNuriootpa‚Äô and B1.Arrival = B2.Departure
union
select B1.Departure, B3.Arrival
from BUSLINIE B1, BUSLINIE B2, BUSLINIE B3
where B1.Departure = ‚ÄôNuriootpa‚Äô and B1.Arrival = B2.Departure
and B2.Arrival = B3.Departure
Saake Database Concepts Last Edited: April 20, 2022 6‚Äì83"
"PDF-6, Pg94","The Relational Query Language SQL Recursion
Recursion in SQL:2003
Formulation via extended with recursive -query
Notation
with recursive recursive-table as(
query-expression --recursive part
)
[traversal-clause ] [cycle-clause ]
query-expression --non-recursive part
Non-recursive part: query of recursion table
Saake Database Concepts Last Edited: April 20, 2022 6‚Äì84"
"PDF-6, Pg95","The Relational Query Language SQL Recursion
Recursion in SQL:2003 /2
Recursive part:
--Initialization
select ...
from table where ...
--Recursion step
union all
select ...
from table ,recursion table
where recursion condition
Saake Database Concepts Last Edited: April 20, 2022 6‚Äì85"
"PDF-6, Pg96","The Relational Query Language SQL Recursion
Recursion in SQL:2003: Example
with recursive TOUR(Departure, Arrival) as(
select Departure, Arrival
from BUSLINE
where Departure = ‚ÄôNuriootpa‚Äô
union all
select T.Departure, B.Arrival
from TOUR T, BUSLINE B
where T.Arrival = B.Departure)
select distinct *from TOUR
Saake Database Concepts Last Edited: April 20, 2022 6‚Äì86"
"PDF-6, Pg97","The Relational Query Language SQL Recursion
Step-Wise Composition of the Recursion Table TOUR
Initialization
Departure Arrival
Nuriootpa Penrice
Nuriootpa TanundaStep 1
Departure Arrival
Nuriootpa Penrice
Nuriootpa Tanunda
Nuriootpa SeppeltsÔ¨Åeld
Nuriootpa Bethany
Step 2
Departure Arrival
Nuriootpa Penrice
Nuriootpa Tanunda
Nuriootpa SeppeltsÔ¨Åeld
Nuriootpa Bethany
Nuriootpa Lyndoch
Saake Database Concepts Last Edited: April 20, 2022 6‚Äì87"
"PDF-6, Pg98","The Relational Query Language SQL Recursion
Recursion: Example /2
Arithmetic operations in the recursion step
with recursive TOUR(Departure, Arrival, Route) as(
select Departure, Arrival, Distance asRoute
from BUSLINE
where Departure = ‚ÄôNuriootpa‚Äô
union all
select T.Departure, B.Arrival, Route + Distance asRoute
from TOUR T, BUSLINE B
where T.Arrival = B.Departure)
select distinct *from TOUR
Saake Database Concepts Last Edited: April 20, 2022 6‚Äì88"
"PDF-6, Pg99","The Relational Query Language SQL Recursion
Safety of Recursive Queries
Safety (= Ô¨Åniteness of the calculation) is the most important
requirement on a query language
Problem: cycles in the recursion
insert into BUSLINE (Departure, Arrival, Distance)
values (‚ÄôLyndoch‚Äô, ‚ÄôTanunda‚Äô, 12)
Handling in SQL
ILimitation of the recursion depth
ICycle detection
Saake Database Concepts Last Edited: April 20, 2022 6‚Äì89"
"PDF-6, Pg100","The Relational Query Language SQL Recursion
Safety of Recursive Queries /2
Restriction on the recursion depth
with recursive TOUR(Departure, Arrival, Transitions) as(
select Departure, Arrival, 0
from BUSLINE
where Departure = ‚ÄôNuriootpa‚Äô
union all
select T.Departure, B.Arrival, Transitions + 1
from TOUR T, BUSLINE B
where T.Arrival = B.Departure and Transitions < 2)
select distinct *from TOUR
Saake Database Concepts Last Edited: April 20, 2022 6‚Äì90"
"PDF-6, Pg101","The Relational Query Language SQL Recursion
Safety through Cycle Detection
Cycle Clause
Iat detection of duplicates in the calculation path attrib :Cycle = ‚Äô *‚Äô
(Pseudo column of type char(1))
IGuarantee the Ô¨Åniteness of the result ‚Äúby hand‚Äù
cycle attrib set marke to‚Äô*‚Äôdefault ‚Äô-‚Äô
Saake Database Concepts Last Edited: April 20, 2022 6‚Äì91"
"PDF-6, Pg102","The Relational Query Language SQL Recursion
Safety through Cycle Detection
with recursive TOUR(Departure, Arrival, Way) as(
select Departure, Arrival, Departure || ‚Äô-‚Äô || Arrival asWay
from BUSLINIE where Departure = ‚ÄôNuriootpa‚Äô
union all
select T.Departure, B.Arrival, Way || ‚Äô-‚Äô || B. Arrival asWay
from TOUR T, BUSLINIE B where T.Arrival = B.Departure)
cycle Arrival set Cycle to‚Äô*‚Äôdefault ‚Äô-‚Äô
select Way, Cycle from TOUR
Way Cyle
Nuriootpa-Penrice -
Nuriootpa-Tanunda -
Nuriootpa-Tanunda-SeppeltsÔ¨Åeld -
Nuriootpa-Tanunda-Bethany -
Nuriootpa-Tanunda-Bethany-Lyndoch -
Nuriootpa-Tanunda-Bethany-Lyndoch-Tanunda *
Saake Database Concepts Last Edited: April 20, 2022 6‚Äì92"
"PDF-6, Pg103","The Relational Query Language SQL History and Summary
History and Summary
Saake Database Concepts Last Edited: April 20, 2022 6‚Äì93"
"PDF-6, Pg104","The Relational Query Language SQL History and Summary
SQL-Versions
History
ISEQUEL (1974, IBM Research Labs San Jose)
ISEQUEL2 (1976, IBM Research Labs San Jose)
ISQL (1982, IBM)
IANSI-SQL (SQL-86; 1986)
IISO-SQL (SQL-89; 1989; three Languages Level 1, Level 2, +IEF)
I(ANSI / ISO) SQL2 (as SQL-92 adopted)
I(ANSI / ISO) SQL3 (as SQL:1999 adopted)
I(ANSI / ISO) SQL:2003 . . . current SQL:2011
Despite of standardization: partly incompatible among systems of
certain producers
Saake Database Concepts Last Edited: April 20, 2022 6‚Äì94"
"PDF-6, Pg105","The Relational Query Language SQL History and Summary
Summary
SQL as standard language
SQL-Core with reference to relational algebra
Extensions: Grouping, Recursion etc.
Saake Database Concepts Last Edited: April 20, 2022 6‚Äì95"
"PDF-6, Pg106","The Relational Query Language SQL History and Summary
Control Questions
What are the options to formalize joins?
What do aggregations and grouping
calculate?
Which operations can be used for the
handling of null values?
What is the purpose of recursive queries
in SQL?
Saake Database Concepts Last Edited: April 20, 2022 6‚Äì96"
"PDF-6, Pg107","The Relational Query Language SQL History and Summary
Control Questions
What are the options to formalize joins?
What do aggregations and grouping
calculate?
Which operations can be used for the
handling of null values?
What is the purpose of recursive queries
in SQL?
Saake Database Concepts Last Edited: April 20, 2022 6‚Äì96"
"PDF-6, Pg108","The Relational Query Language SQL History and Summary
Control Questions
What are the options to formalize joins?
What do aggregations and grouping
calculate?
Which operations can be used for the
handling of null values?
What is the purpose of recursive queries
in SQL?
Saake Database Concepts Last Edited: April 20, 2022 6‚Äì96"
"PDF-6, Pg109","The Relational Query Language SQL History and Summary
Control Questions
What are the options to formalize joins?
What do aggregations and grouping
calculate?
Which operations can be used for the
handling of null values?
What is the purpose of recursive queries
in SQL?
Saake Database Concepts Last Edited: April 20, 2022 6‚Äì96"
"PDF-8, Pg1","Part VIII
Transactions, Integrity and Triggers"
"PDF-8, Pg2","Transactions, Integrity and Triggers
Transactions, Integrity and Triggers
1Basic Terms
2Term Transaction
3Possible Problems with Parallel Transactions
4Transactions in SQL
5Integrity Constraints in SQL
6Trigger
7Integrity Enforcement with Triggers
8Trigger in Oracle
9Summary
Saake Database Concepts Last Edited: April 20, 2022 8‚Äì1"
"PDF-8, Pg3","Transactions, Integrity and Triggers
Transactions, Integrity and Triggers
1Basic Terms
2Term Transaction
3Possible Problems with Parallel Transactions
4Transactions in SQL
5Integrity Constraints in SQL
6Trigger
7Integrity Enforcement with Triggers
8Trigger in Oracle
9Summary
Saake Database Concepts Last Edited: April 20, 2022 8‚Äì1"
"PDF-8, Pg4","Transactions, Integrity and Triggers
Transactions, Integrity and Triggers
1Basic Terms
2Term Transaction
3Possible Problems with Parallel Transactions
4Transactions in SQL
5Integrity Constraints in SQL
6Trigger
7Integrity Enforcement with Triggers
8Trigger in Oracle
9Summary
Saake Database Concepts Last Edited: April 20, 2022 8‚Äì1"
"PDF-8, Pg5","Transactions, Integrity and Triggers
Transactions, Integrity and Triggers
1Basic Terms
2Term Transaction
3Possible Problems with Parallel Transactions
4Transactions in SQL
5Integrity Constraints in SQL
6Trigger
7Integrity Enforcement with Triggers
8Trigger in Oracle
9Summary
Saake Database Concepts Last Edited: April 20, 2022 8‚Äì1"
"PDF-8, Pg6","Transactions, Integrity and Triggers
Transactions, Integrity and Triggers
1Basic Terms
2Term Transaction
3Possible Problems with Parallel Transactions
4Transactions in SQL
5Integrity Constraints in SQL
6Trigger
7Integrity Enforcement with Triggers
8Trigger in Oracle
9Summary
Saake Database Concepts Last Edited: April 20, 2022 8‚Äì1"
"PDF-8, Pg7","Transactions, Integrity and Triggers
Transactions, Integrity and Triggers
1Basic Terms
2Term Transaction
3Possible Problems with Parallel Transactions
4Transactions in SQL
5Integrity Constraints in SQL
6Trigger
7Integrity Enforcement with Triggers
8Trigger in Oracle
9Summary
Saake Database Concepts Last Edited: April 20, 2022 8‚Äì1"
"PDF-8, Pg8","Transactions, Integrity and Triggers
Transactions, Integrity and Triggers
1Basic Terms
2Term Transaction
3Possible Problems with Parallel Transactions
4Transactions in SQL
5Integrity Constraints in SQL
6Trigger
7Integrity Enforcement with Triggers
8Trigger in Oracle
9Summary
Saake Database Concepts Last Edited: April 20, 2022 8‚Äì1"
"PDF-8, Pg9","Transactions, Integrity and Triggers
Transactions, Integrity and Triggers
1Basic Terms
2Term Transaction
3Possible Problems with Parallel Transactions
4Transactions in SQL
5Integrity Constraints in SQL
6Trigger
7Integrity Enforcement with Triggers
8Trigger in Oracle
9Summary
Saake Database Concepts Last Edited: April 20, 2022 8‚Äì1"
"PDF-8, Pg10","Transactions, Integrity and Triggers
Transactions, Integrity and Triggers
1Basic Terms
2Term Transaction
3Possible Problems with Parallel Transactions
4Transactions in SQL
5Integrity Constraints in SQL
6Trigger
7Integrity Enforcement with Triggers
8Trigger in Oracle
9Summary
Saake Database Concepts Last Edited: April 20, 2022 8‚Äì1"
"PDF-8, Pg11","Transactions, Integrity and Triggers
Learning goals for today . . .
Understanding of fundamentals of integrity
control in databases
Knowledge to formalize and implement
integrity constraints
Knowledge of the transaction concept in
databases
Saake Database Concepts Last Edited: April 20, 2022 8‚Äì2"
"PDF-8, Pg12","Transactions, Integrity and Triggers
Learning goals for today . . .
Understanding of fundamentals of integrity
control in databases
Knowledge to formalize and implement
integrity constraints
Knowledge of the transaction concept in
databases
Saake Database Concepts Last Edited: April 20, 2022 8‚Äì2"
"PDF-8, Pg13","Transactions, Integrity and Triggers
Learning goals for today . . .
Understanding of fundamentals of integrity
control in databases
Knowledge to formalize and implement
integrity constraints
Knowledge of the transaction concept in
databases
Saake Database Concepts Last Edited: April 20, 2022 8‚Äì2"
"PDF-8, Pg14","Transactions, Integrity and Triggers Basic Terms
Basic Terms
Saake Database Concepts Last Edited: April 20, 2022 8‚Äì3"
"PDF-8, Pg15","Transactions, Integrity and Triggers Basic Terms
Integrity
Integrity constraint (also: assertion ): Condition for the
""permissibility"" or ""correctness""
with respect to databases:
I(single) database states,
Istate transitions from an old to a new database state,
Ilong term database evolution
Saake Database Concepts Last Edited: April 20, 2022 8‚Äì4"
"PDF-8, Pg16","Transactions, Integrity and Triggers Basic Terms
ClassiÔ¨Åcation of Integrity
Constraint Class Temporal Context
static database state
dynamic transitional state transition
temporal state sequence
Saake Database Concepts Last Edited: April 20, 2022 8‚Äì5"
"PDF-8, Pg17","Transactions, Integrity and Triggers Basic Terms
Inherent Integrity Constraints in the RM
1Type Integrity :
ISQL allows domain deÔ¨Ånitions for a range of values for attributes
IPermission or forbidding of null values
2Key Integrity :
ISpeciÔ¨Åcation of a key for a relation
3Referential Integrity :
ISpeciÔ¨Åcation of foreign keys
Saake Database Concepts Last Edited: April 20, 2022 8‚Äì6"
"PDF-8, Pg18","Transactions, Integrity and Triggers Term Transaction
Term Transaction
Saake Database Concepts Last Edited: April 20, 2022 8‚Äì7"
"PDF-8, Pg19","Transactions, Integrity and Triggers Term Transaction
Example Scenarios
Seat reservation for Ô¨Çights simultaneously from multiple travel
agencies
!Seat could be sold multiple times when multiple travel agencies
identify the seat as available
Overlapping account operations of a bank
Statistics database operations
!results are corrupted when data is changed during the
calculation
Saake Database Concepts Last Edited: April 20, 2022 8‚Äì8"
"PDF-8, Pg20","Transactions, Integrity and Triggers Term Transaction
Transaction
A transaction is a sequence of operations (actions) that transforms
the database from a consistent state into a consistent, possibly
changed, state, while the ACID-principle must be hold.
Aspects:
ISemantic Integrity: Correct (consistent) DB-state after a transaction
has Ô¨Ånished
IOperational Integrity: Prevent fault caused by ""simultaneous""
access of multiple users on the same data
Saake Database Concepts Last Edited: April 20, 2022 8‚Äì9"
"PDF-8, Pg21","Transactions, Integrity and Triggers Term Transaction
ACID-Properties
Atomicity:
Transaction is executed completely or not at all
Consistency:
Database is before the start and after the end of a transaction in a
consistent state
Isolation:
User, who is working on a database, should have the impression
that she works alone on the database
Durability (Persistence):
The result of transaction has to be saved ""permanently"" in a
database after the transaction competed successfully
Saake Database Concepts Last Edited: April 20, 2022 8‚Äì10"
"PDF-8, Pg22","Transactions, Integrity and Triggers Term Transaction
Commands of a Transaction Language
Begin of a transaction: Begin-of-Transaction-Command BOT
(implicit in SQL!)
commit : the transaction should try to Ô¨Ånish successfully
Isuccess is not guaranteed!
abort : the transaction has to be aborted
Iabort is guaranteed!
Saake Database Concepts Last Edited: April 20, 2022 8‚Äì11"
"PDF-8, Pg23","Transactions, Integrity and Triggers Term Transaction
Transaction: Integrity Violation
Example:
ITransfer of an amount Afrom a household post K1to another post
K2
ICondition: Sum of the account balances stays constant
SimpliÔ¨Åed notation
Transfer = <K1:=K1-A; K2:=K2+A >;
Realization in SQL: as sequence of two elementary changes  
Condition is not necessarily fulÔ¨Ålled between single changing
steps!
Saake Database Concepts Last Edited: April 20, 2022 8‚Äì12"
"PDF-8, Pg24","Transactions, Integrity and Triggers Term Transaction
Transaction: Behavior at System Crash
1T2T3T4T5TtTimeCrash
f
Saake Database Concepts Last Edited: April 20, 2022 8‚Äì13"
"PDF-8, Pg25","Transactions, Integrity and Triggers Term Transaction
Transaction: Behavior at System Crash /2
Consequences:
IContents of the volatile memory at the time tfis unusable!
transactions in different ways affected by this
Transaction states:
IStill active transactions at the time of the failure ( T2and T4)
IAlready Ô¨Ånished transactions before the time of the failure ( T1,T3
and T5)
Saake Database Concepts Last Edited: April 20, 2022 8‚Äì14"
"PDF-8, Pg26","Transactions, Integrity and Triggers Term Transaction
SimpliÔ¨Åed Model for Transactions
Representation of database changes of a transaction
Iread(A,x): assign the value of the DB-object Ato the variable x
Iwrite (x,A): save the value of the variable xin the DB-object A
Example of a transaction T:
read (A,x);x:=x"
"PDF-8, Pg27","Transactions, Integrity and Triggers Possible Problems with Parallel Transactions
Possible Problems with Parallel Transactions
Saake Database Concepts Last Edited: April 20, 2022 8‚Äì16"
"PDF-8, Pg28","Transactions, Integrity and Triggers Possible Problems with Parallel Transactions
Problems with Multi-User Operation
Nonrepeatable Read
Dependencies on not released data: Dirty Read
The Phantom-Problem
Lost Update
Saake Database Concepts Last Edited: April 20, 2022 8‚Äì17"
"PDF-8, Pg29","Transactions, Integrity and Triggers Possible Problems with Parallel Transactions
Nonrepeatable Read
Example:
Assurance x=A+B+Cat the end of transaction T1
x;y;zare local variables
Tiis the transaction i
Integrity constraint A+B+C=0
Saake Database Concepts Last Edited: April 20, 2022 8‚Äì18"
"PDF-8, Pg30","Transactions, Integrity and Triggers Possible Problems with Parallel Transactions
Example for Nonrepeatable Read
T1 T2
read(A;x);
read(A;y);
y:=y=2;
write (y;A);
read(C;z);
z:=z+y;
write (z;C);
commit ;
read(B;y);
x:=x+y;
read(C;z);
x:=x+z;
commit ;
Saake Database Concepts Last Edited: April 20, 2022 8‚Äì19"
"PDF-8, Pg31","Transactions, Integrity and Triggers Possible Problems with Parallel Transactions
Dirty Read
T1 T2
read(A;x);
x:=x+100;
write (x;A);
read(A;x);
read(B;y);
y:=y+x;
write (y;B);
commit ;
abort ;
Saake Database Concepts Last Edited: April 20, 2022 8‚Äì20"
"PDF-8, Pg32","Transactions, Integrity and Triggers Possible Problems with Parallel Transactions
The Phantom-Problem
T1 T2
select count (*)
into X
from Customer ;
insert
into Customer
values (‚ÄôMeier‚Äô, 0, . . . );
commit ;
update Customer
setBonus =
Bonus +10000=X;
commit ;
Saake Database Concepts Last Edited: April 20, 2022 8‚Äì21"
"PDF-8, Pg33","Transactions, Integrity and Triggers Possible Problems with Parallel Transactions
Lost Update
T1 T2 A
read(A;x); 10
read(A;x); 10
x:=x+1; 10
x:=x+1;10
write (x;A); 11
write (x;A);11
Saake Database Concepts Last Edited: April 20, 2022 8‚Äì22"
"PDF-8, Pg34","Transactions, Integrity and Triggers Possible Problems with Parallel Transactions
Serializability
An interleaved execution of multiple transactions is called
serializable, if its effect is identical to the effect of a (arbitrarily
chosen) serial execution of these transactions.
Problem for checking serializability:
Ithere are n!different serial execution orders for ntransactions...
Schedule: Plan of execution for transactions (ordered list of
transaction operations)
Saake Database Concepts Last Edited: April 20, 2022 8‚Äì23"
"PDF-8, Pg35","Transactions, Integrity and Triggers Transactions in SQL
Transactions in SQL
Saake Database Concepts Last Edited: April 20, 2022 8‚Äì24"
"PDF-8, Pg36","Transactions, Integrity and Triggers Transactions in SQL
Transactions in SQL-DBS
Weakening of ACID in SQL: Isolation levels
set transaction
[ { read only |read write }, ]
[isolation level
{read uncommitted |
read committed |
repeatable read |
serializable }, ]
[diagnostics size ...]
Default settings:
set transaction read write ,
isolation level serializable
Saake Database Concepts Last Edited: April 20, 2022 8‚Äì25"
"PDF-8, Pg37","Transactions, Integrity and Triggers Transactions in SQL
Meaning of Isolation Levels
read uncommitted
Iweakest level: access to not committed data, only for read only
transactions
Istatistic and similar transactions (approximate overview, incorrect
values possible)
Ino locks!efÔ¨Åcient executable, other transactions are not hindered
read committed
Ionly read Ô¨Ånally written values, but nonrepeatable read possible
repeatable read
Inononrepeatable read , but phantom-problem can occur
serializable
Iguarantees serializability
Saake Database Concepts Last Edited: April 20, 2022 8‚Äì26"
"PDF-8, Pg38","Transactions, Integrity and Triggers Transactions in SQL
Isolation Levels: read committed
T1 T2
set transaction
isolation level
read committed
1select Name from WINES
where WineID = 1014
"
"PDF-8, Pg39","Transactions, Integrity and Triggers Transactions in SQL
Isolation Levels: read committed /2
T1 T2
set transaction
isolation level
read committed
1select Name from WINES
where WineID = 1014
2 update WINES
set Name = ‚Äô Riesling Super-
ore‚Äô
where WineID = 1014
3update WINES
set Name = ‚Äô Superiore Ries-
ling‚Äô
where WineID = 1014
"
"PDF-8, Pg40","Transactions, Integrity and Triggers Transactions in SQL
Isolation Levels: serializable
T1 T2
set transaction
isolation level
serializable
1select Name into Nfrom
WINES where WineID = 1014
"
"PDF-8, Pg41","Transactions, Integrity and Triggers Integrity Constraints in SQL
Integrity Constraints in SQL
Saake Database Concepts Last Edited: April 20, 2022 8‚Äì30"
"PDF-8, Pg42","Transactions, Integrity and Triggers Integrity Constraints in SQL
Integrity Constraints in SQL-DDL
not null : Null values prohibited
default : SpeciÔ¨Åcation of default values
check (search-condition ): Attribute speciÔ¨Åc constraint (usually
One-Tuple-Integrity-Condition )
primary key : SpeciÔ¨Åcation of a primary key
foreign key (Attribute(e) )
references Table (Attribute(e) ):
SpeciÔ¨Åcation of the referential integrity
Saake Database Concepts Last Edited: April 20, 2022 8‚Äì31"
"PDF-8, Pg43","Transactions, Integrity and Triggers Integrity Constraints in SQL
Integrity Constraints: Range of Values
create domain : Establishing of a user deÔ¨Åned range of values
Example
create domain WineColor varchar (5)
default ‚ÄôRed‚Äô
check (value in (‚ÄôRed‚Äô, ‚ÄôWhite‚Äô, ‚ÄôRose‚Äô))
Application
create table WINES (
WineID int primary key ,
Name varchar (20) not null ,
Color WineColor,
...)
Saake Database Concepts Last Edited: April 20, 2022 8‚Äì32"
"PDF-8, Pg44","Transactions, Integrity and Triggers Integrity Constraints in SQL
Integrity Constraints: check -Clause
check : Establishing of further local integrity constraints within the
deÔ¨Åned range of values, attributes and relational scheme
Example: Restriction of permitted values
Example
create table WINES (
WineID int primary key ,
Name varchar (20) not null ,
Year int check (Year between 1980 and 2010),
...
)
Saake Database Concepts Last Edited: April 20, 2022 8‚Äì33"
"PDF-8, Pg45","Transactions, Integrity and Triggers Integrity Constraints in SQL
Preservation of Referential Integrity
Checking of foreign keys after database changes
forA(r1)K(r2),
e.g.Vineyard (WINES )Vineyard (PRODUCER )
ITuple tis inserted into r1)check, whether t02r2exists with:
t0(K) =t(A), d.h. t(A)2K(r2)
if not)reject
ITuple t0is removed from r2)check, whether A=t0(K)(r1) =fg, i.e.
no tuple from r1references t0
if not empty)reject or remove tuple from r1, that reference t0(at
cascading deletion)
Saake Database Concepts Last Edited: April 20, 2022 8‚Äì34"
"PDF-8, Pg46","Transactions, Integrity and Triggers Integrity Constraints in SQL
Checking Modes of Constraints
on update | delete
SpeciÔ¨Åcation of a triggering event that starts the checking of the
condition
cascade |set null |set default |no action
Cascading: Handling of some integrity violations propagates over
multiple levels, e.g. deletion as reaction on a violation of the
referential integrity
deferred |immediate sets the checking time for a condition
Ideferred : put back to the end of the transaction
Iimmediate : immediate veriÔ¨Åcation at any relevant database change
Saake Database Concepts Last Edited: April 20, 2022 8‚Äì35"
"PDF-8, Pg47","Transactions, Integrity and Triggers Integrity Constraints in SQL
Checking Modes: Example
Cascading deletion
create table WINES (
WineID int primary key ,
Name varchar (50) not null ,
Price float not null ,
Jahr int not null ,
Vineyard varchar (30),
foreign key (Vineyard) references PRODUCER (Vineyard)
on delete cascade )
Saake Database Concepts Last Edited: April 20, 2022 8‚Äì36"
"PDF-8, Pg48","Transactions, Integrity and Triggers Integrity Constraints in SQL
The assertion -Clause
Assertion: Predicate expressed by a condition that always has to
be fulÔ¨Ålled by a database
Syntax (SQL:2003)
create assertion name check (predicate )
Example:
create assertion Prices check
( ( select sum (Price)
from WINES)<10000 )
create assertion Prices2 check
(not exists (
select *from WINES where Price>200) )
Saake Database Concepts Last Edited: April 20, 2022 8‚Äì37"
"PDF-8, Pg49","Transactions, Integrity and Triggers Trigger
Trigger
Saake Database Concepts Last Edited: April 20, 2022 8‚Äì38"
"PDF-8, Pg50","Transactions, Integrity and Triggers Trigger
Trigger
Trigger: Statement/Procedure that is executed automatically by
the DBMS at the occurrence of a speciÔ¨Åc event
Application:
IEnforcement of integrity conditions (""implementation"" of integrity
rules)
IAuditing of DB-actions
IPropagation of DB-changes
DeÔ¨Ånition:
create trigger ...
after<Operation>
<Procedure>
Saake Database Concepts Last Edited: April 20, 2022 8‚Äì39"
"PDF-8, Pg51","Transactions, Integrity and Triggers Trigger
Example for Triggers
Realization of a calculated attribute with two triggers:
IIntroduction of new tasks
create trigger TaskCounter+
on insertion of Task A:
update Customer
set NrTasks = NrTasks + 1
where CName = new A.CName
IAnalogously for deletion of tasks:
create trigger TaskCounter-
on deletion ...:
update ...- 1 ...
Saake Database Concepts Last Edited: April 20, 2022 8‚Äì40"
"PDF-8, Pg52","Transactions, Integrity and Triggers Trigger
Trigger: Design and Implementation
SpeciÔ¨Åcation of
IEvent andcondition for activation of the trigger
IAction(s) for the execution
Syntax in SQL:2003 deÔ¨Åned
Available in most commercial systems (but with different syntax)
Saake Database Concepts Last Edited: April 20, 2022 8‚Äì41"
"PDF-8, Pg53","Transactions, Integrity and Triggers Trigger
SQL:2003-Trigger
Syntax:
create trigger <Name:>
afterjbefore<Event>
on<Relation>
[when<Condition>]
begin atomic <SQL-statements >end
Event :
Iinsert
Iupdate [of<list of attributes >]
Idelete
Saake Database Concepts Last Edited: April 20, 2022 8‚Äì42"
"PDF-8, Pg54","Transactions, Integrity and Triggers Trigger
Further SpeciÔ¨Åcations for Triggers
for each row resp. for each statement : Activation of the trigger
foreach single change of a set-valued change or just once for the
whole change
before resp. after : Activation before orafter the change
referencing new as resp. referencing old as : Binding of a
tuple variable on the new introduced resp. just removed (""old"")
tuple of a relation
 tuple of the difference relation
Saake Database Concepts Last Edited: April 20, 2022 8‚Äì43"
"PDF-8, Pg55","Transactions, Integrity and Triggers Trigger
Example for Triggers
No customer account can fall below 0:
create trigger bad_account
after update of Acc onCUSTOMER
referencing new as INSERTED
when (exists
(select *from INSERTED where Acc < 0)
)
begin atomic
rollback ;
end
 similar trigger for insert
Saake Database Concepts Last Edited: April 20, 2022 8‚Äì44"
"PDF-8, Pg56","Transactions, Integrity and Triggers Trigger
Example for triggers /2
Producers must be removed, if they do not offer any wine:
create trigger useless _Vineyard
after delete on WINES
referencing old as o
for each row
when (not exists
(select *from WINES W
where W.Vineyard = o.Vineyard))
begin atomic
delete from PRODUCER where Vineyard =o.Vineyard;
end
Saake Database Concepts Last Edited: April 20, 2022 8‚Äì45"
"PDF-8, Pg57","Transactions, Integrity and Triggers Integrity Enforcement with Triggers
Integrity Enforcement with Triggers
Saake Database Concepts Last Edited: April 20, 2022 8‚Äì46"
"PDF-8, Pg58","Transactions, Integrity and Triggers Integrity Enforcement with Triggers
Integrity Enforcement with Triggers
1. Specify object oi, for which the condition should be monitored
IUsually monitor multiple oiwhen condition is across relations
ICandidates for oiare tuples of the relation names that occur in 
2. Specify the elemental database changes uijon objects oithat can
violate
IRules: e.g., check existence requirements on deletion and updates,
but not on insertion etc.
Saake Database Concepts Last Edited: April 20, 2022 8‚Äì47"
"PDF-8, Pg59","Transactions, Integrity and Triggers Integrity Enforcement with Triggers
Integrity Enforcement with Triggers /2
3. Specify, depending on the application, the reaction rion the
integrity violation
IReset the transaction ( rollback )
ICorrecting database changes
4. Formulate following triggers:
create trigger t-phi-ij after uijonoi
when:
begin riend
5. If possible, simplify the created trigger
Saake Database Concepts Last Edited: April 20, 2022 8‚Äì48"
"PDF-8, Pg60","Transactions, Integrity and Triggers Trigger in Oracle
Trigger in Oracle
Saake Database Concepts Last Edited: April 20, 2022 8‚Äì49"
"PDF-8, Pg61","Transactions, Integrity and Triggers Trigger in Oracle
Trigger in Oracle
Implementation in PL/SQL
Notation
create [or replace ]trigger trigger-name
before |after
insert or update [ofcolumns ]
or delete on table
[for each row
[when (predicate ) ] ]
PL/SQL-Block
Saake Database Concepts Last Edited: April 20, 2022 8‚Äì50"
"PDF-8, Pg62","Transactions, Integrity and Triggers Trigger in Oracle
Trigger in Oracle: Types
Statement level trigger: Trigger is triggered before resp. after the
DML-statement
Row level trigger: Trigger is triggered before resp. after each
single modiÔ¨Åcation ( one tuple at a time )
Trigger on row level:
Predicate for restriction ( when)
Access on old ( :old .col) resp. new ( :new .col) tuple
Ifordelete : only ( :old .col)
Iforinsert : only ( :new .col)
Iinwhen-clause only ( new.col) resp. ( old.col)
Saake Database Concepts Last Edited: April 20, 2022 8‚Äì51"
"PDF-8, Pg63","Transactions, Integrity and Triggers Trigger in Oracle
Trigger in Oracle /2
Transaction abortion with raise _application _error (code ,
message )
Distinction of the type of the DML-statement
if deleting then ... end if ;
if updating then ... end if ;
if inserting then ... end if ;
Saake Database Concepts Last Edited: April 20, 2022 8‚Äì52"
"PDF-8, Pg64","Transactions, Integrity and Triggers Trigger in Oracle
Trigger in Oracle: Example
No customer account can fall below 0:
create or replace trigger bad_account
after insert or update of Acc onCustomer
for each row
when (:new .Acc < 0)
begin
raise _application _error (-20221,
‚ÄôNot below 0‚Äô);
end;
Saake Database Concepts Last Edited: April 20, 2022 8‚Äì53"
"PDF-8, Pg65","Transactions, Integrity and Triggers Summary
Summary
Saake Database Concepts Last Edited: April 20, 2022 8‚Äì54"
"PDF-8, Pg66","Transactions, Integrity and Triggers Summary
Summary
Enforcement of correctness resp. integrity of the data
Inherent integrity constraints of the relational model
Additional SQL-integrity constraints: check -clause,
assertion -statement
Trigger for ""implementation"" of integrity constraints resp. rules
Saake Database Concepts Last Edited: April 20, 2022 8‚Äì55"
"PDF-8, Pg67","Transactions, Integrity and Triggers Summary
Control Questions
What is the purpose of integrity
enforcement? Which types of integrity
constraints are there?
How can integrity constraints and rules be
formulated in SQL systems?
What requirements result from the
ACID-principle? How are these achieved
in database systems?
Saake Database Concepts Last Edited: April 20, 2022 8‚Äì56"
"PDF-8, Pg68","Transactions, Integrity and Triggers Summary
Control Questions
What is the purpose of integrity
enforcement? Which types of integrity
constraints are there?
How can integrity constraints and rules be
formulated in SQL systems?
What requirements result from the
ACID-principle? How are these achieved
in database systems?
Saake Database Concepts Last Edited: April 20, 2022 8‚Äì56"
"PDF-8, Pg69","Transactions, Integrity and Triggers Summary
Control Questions
What is the purpose of integrity
enforcement? Which types of integrity
constraints are there?
How can integrity constraints and rules be
formulated in SQL systems?
What requirements result from the
ACID-principle? How are these achieved
in database systems?
Saake Database Concepts Last Edited: April 20, 2022 8‚Äì56"
